MSN,YYYYMM,Value,Column_Order,Description,Unit,Right,Left,Converted Date
TETCBUS,198706,6.283858,12,Total Primary Energy Consumption,Quadrillion Btu,6,1987,Jun-87
TETCBUS,198707,6.630484,12,Total Primary Energy Consumption,Quadrillion Btu,7,1987,Jul-87
TETCBUS,198708,6.518294,12,Total Primary Energy Consumption,Quadrillion Btu,8,1987,Aug-87
TETCBUS,198709,6.127542,12,Total Primary Energy Consumption,Quadrillion Btu,9,1987,Sep-87
TETCBUS,198710,6.366409,12,Total Primary Energy Consumption,Quadrillion Btu,10,1987,Oct-87
TETCBUS,198711,6.346123,12,Total Primary Energy Consumption,Quadrillion Btu,11,1987,Nov-87
TETCBUS,198712,7.281541,12,Total Primary Energy Consumption,Quadrillion Btu,12,1987,Dec-87
TETCBUS,198713,79.054456,12,Total Primary Energy Consumption,Quadrillion Btu,13,1987,13/1987
TETCBUS,198801,7.804136,12,Total Primary Energy Consumption,Quadrillion Btu,1,1988,Jan-88
TETCBUS,198802,7.311849,12,Total Primary Energy Consumption,Quadrillion Btu,2,1988,Feb-88
TETCBUS,198803,7.300926,12,Total Primary Energy Consumption,Quadrillion Btu,3,1988,Mar-88
TETCBUS,198804,6.453888,12,Total Primary Energy Consumption,Quadrillion Btu,4,1988,Apr-88
TETCBUS,198805,6.394683,12,Total Primary Energy Consumption,Quadrillion Btu,5,1988,May-88
TETCBUS,198806,6.511855,12,Total Primary Energy Consumption,Quadrillion Btu,6,1988,Jun-88
TETCBUS,198807,6.750241,12,Total Primary Energy Consumption,Quadrillion Btu,7,1988,Jul-88
TETCBUS,198808,6.992534,12,Total Primary Energy Consumption,Quadrillion Btu,8,1988,Aug-88
TETCBUS,198809,6.344903,12,Total Primary Energy Consumption,Quadrillion Btu,9,1988,Sep-88
TETCBUS,198810,6.591078,12,Total Primary Energy Consumption,Quadrillion Btu,10,1988,Oct-88
TETCBUS,198811,6.70819,12,Total Primary Energy Consumption,Quadrillion Btu,11,1988,Nov-88
TETCBUS,198812,7.544911,12,Total Primary Energy Consumption,Quadrillion Btu,12,1988,Dec-88
TETCBUS,198813,82.709172,12,Total Primary Energy Consumption,Quadrillion Btu,13,1988,13/1988
TETCBUS,198901,7.643419,12,Total Primary Energy Consumption,Quadrillion Btu,1,1989,Jan-89
TETCBUS,198902,7.233498,12,Total Primary Energy Consumption,Quadrillion Btu,2,1989,Feb-89
TETCBUS,198903,7.545703,12,Total Primary Energy Consumption,Quadrillion Btu,3,1989,Mar-89
TETCBUS,198904,6.664216,12,Total Primary Energy Consumption,Quadrillion Btu,4,1989,Apr-89
TETCBUS,198905,6.63914,12,Total Primary Energy Consumption,Quadrillion Btu,5,1989,May-89
TETCBUS,198906,6.697346,12,Total Primary Energy Consumption,Quadrillion Btu,6,1989,Jun-89
TETCBUS,198907,6.859659,12,Total Primary Energy Consumption,Quadrillion Btu,7,1989,Jul-89
TETCBUS,198908,7.031494,12,Total Primary Energy Consumption,Quadrillion Btu,8,1989,Aug-89
TETCBUS,198909,6.484541,12,Total Primary Energy Consumption,Quadrillion Btu,9,1989,Sep-89
TETCBUS,198910,6.794031,12,Total Primary Energy Consumption,Quadrillion Btu,10,1989,Oct-89
TETCBUS,198911,6.94356,12,Total Primary Energy Consumption,Quadrillion Btu,11,1989,Nov-89
TETCBUS,198912,8.248724,12,Total Primary Energy Consumption,Quadrillion Btu,12,1989,Dec-89
TETCBUS,198913,84.785325,12,Total Primary Energy Consumption,Quadrillion Btu,13,1989,13/1989
TETCBUS,199001,7.812967,12,Total Primary Energy Consumption,Quadrillion Btu,1,1990,Jan-90
TETCBUS,199002,7.007056,12,Total Primary Energy Consumption,Quadrillion Btu,2,1990,Feb-90
TETCBUS,199003,7.309418,12,Total Primary Energy Consumption,Quadrillion Btu,3,1990,Mar-90
TETCBUS,199004,6.771439,12,Total Primary Energy Consumption,Quadrillion Btu,4,1990,Apr-90
TETCBUS,199005,6.750376,12,Total Primary Energy Consumption,Quadrillion Btu,5,1990,May-90
TETCBUS,199006,6.759777,12,Total Primary Energy Consumption,Quadrillion Btu,6,1990,Jun-90
TETCBUS,199007,7.036447,12,Total Primary Energy Consumption,Quadrillion Btu,7,1990,Jul-90
TETCBUS,199008,7.283532,12,Total Primary Energy Consumption,Quadrillion Btu,8,1990,Aug-90
TETCBUS,199009,6.618049,12,Total Primary Energy Consumption,Quadrillion Btu,9,1990,Sep-90
TETCBUS,199010,6.812414,12,Total Primary Energy Consumption,Quadrillion Btu,10,1990,Oct-90
TETCBUS,199011,6.776438,12,Total Primary Energy Consumption,Quadrillion Btu,11,1990,Nov-90
TETCBUS,199012,7.546645,12,Total Primary Energy Consumption,Quadrillion Btu,12,1990,Dec-90
TETCBUS,199013,84.484553,12,Total Primary Energy Consumption,Quadrillion Btu,13,1990,13/1990
TETCBUS,199101,8.078661,12,Total Primary Energy Consumption,Quadrillion Btu,1,1991,Jan-91
TETCBUS,199102,6.866738,12,Total Primary Energy Consumption,Quadrillion Btu,2,1991,Feb-91
TETCBUS,199103,7.144066,12,Total Primary Energy Consumption,Quadrillion Btu,3,1991,Mar-91
TETCBUS,199104,6.540723,12,Total Primary Energy Consumption,Quadrillion Btu,4,1991,Apr-91
TETCBUS,199105,6.659213,12,Total Primary Energy Consumption,Quadrillion Btu,5,1991,May-91
TETCBUS,199106,6.702509,12,Total Primary Energy Consumption,Quadrillion Btu,6,1991,Jun-91
TETCBUS,199107,7.102868,12,Total Primary Energy Consumption,Quadrillion Btu,7,1991,Jul-91
TETCBUS,199108,7.117701,12,Total Primary Energy Consumption,Quadrillion Btu,8,1991,Aug-91
TETCBUS,199109,6.662225,12,Total Primary Energy Consumption,Quadrillion Btu,9,1991,Sep-91
TETCBUS,199110,6.862825,12,Total Primary Energy Consumption,Quadrillion Btu,10,1991,Oct-91
TETCBUS,199111,7.011114,12,Total Primary Energy Consumption,Quadrillion Btu,11,1991,Nov-91
TETCBUS,199112,7.688591,12,Total Primary Energy Consumption,Quadrillion Btu,12,1991,Dec-91
TETCBUS,199113,84.437217,12,Total Primary Energy Consumption,Quadrillion Btu,13,1991,13/1991
TETCBUS,199201,7.988956,12,Total Primary Energy Consumption,Quadrillion Btu,1,1992,Jan-92
TETCBUS,199202,7.247705,12,Total Primary Energy Consumption,Quadrillion Btu,2,1992,Feb-92
TETCBUS,199203,7.353583,12,Total Primary Energy Consumption,Quadrillion Btu,3,1992,Mar-92
TETCBUS,199204,6.845997,12,Total Primary Energy Consumption,Quadrillion Btu,4,1992,Apr-92
TETCBUS,199205,6.702403,12,Total Primary Energy Consumption,Quadrillion Btu,5,1992,May-92
TETCBUS,199206,6.719321,12,Total Primary Energy Consumption,Quadrillion Btu,6,1992,Jun-92
TETCBUS,199207,7.164272,12,Total Primary Energy Consumption,Quadrillion Btu,7,1992,Jul-92
TETCBUS,199208,7.033411,12,Total Primary Energy Consumption,Quadrillion Btu,8,1992,Aug-92
TETCBUS,199209,6.686894,12,Total Primary Energy Consumption,Quadrillion Btu,9,1992,Sep-92
TETCBUS,199210,6.906882,12,Total Primary Energy Consumption,Quadrillion Btu,10,1992,Oct-92
TETCBUS,199211,7.083547,12,Total Primary Energy Consumption,Quadrillion Btu,11,1992,Nov-92
TETCBUS,199212,8.04921,12,Total Primary Energy Consumption,Quadrillion Btu,12,1992,Dec-92
TETCBUS,199213,85.782166,12,Total Primary Energy Consumption,Quadrillion Btu,13,1992,13/1992
TETCBUS,199301,7.915543,12,Total Primary Energy Consumption,Quadrillion Btu,1,1993,Jan-93
TETCBUS,199302,7.427585,12,Total Primary Energy Consumption,Quadrillion Btu,2,1993,Feb-93
TETCBUS,199303,7.820028,12,Total Primary Energy Consumption,Quadrillion Btu,3,1993,Mar-93
TETCBUS,199304,6.910822,12,Total Primary Energy Consumption,Quadrillion Btu,4,1993,Apr-93
TETCBUS,199305,6.65401,12,Total Primary Energy Consumption,Quadrillion Btu,5,1993,May-93
TETCBUS,199306,6.850776,12,Total Primary Energy Consumption,Quadrillion Btu,6,1993,Jun-93
TETCBUS,199307,7.316682,12,Total Primary Energy Consumption,Quadrillion Btu,7,1993,Jul-93
TETCBUS,199308,7.341042,12,Total Primary Energy Consumption,Quadrillion Btu,8,1993,Aug-93
TETCBUS,199309,6.822427,12,Total Primary Energy Consumption,Quadrillion Btu,9,1993,Sep-93
TETCBUS,199310,6.991611,12,Total Primary Energy Consumption,Quadrillion Btu,10,1993,Oct-93
TETCBUS,199311,7.289116,12,Total Primary Energy Consumption,Quadrillion Btu,11,1993,Nov-93
TETCBUS,199312,8.025875,12,Total Primary Energy Consumption,Quadrillion Btu,12,1993,Dec-93
TETCBUS,199313,87.365525,12,Total Primary Energy Consumption,Quadrillion Btu,13,1993,13/1993
TETCBUS,199401,8.593475,12,Total Primary Energy Consumption,Quadrillion Btu,1,1994,Jan-94
TETCBUS,199402,7.749864,12,Total Primary Energy Consumption,Quadrillion Btu,2,1994,Feb-94
TETCBUS,199403,7.672318,12,Total Primary Energy Consumption,Quadrillion Btu,3,1994,Mar-94
TETCBUS,199404,6.987179,12,Total Primary Energy Consumption,Quadrillion Btu,4,1994,Apr-94
TETCBUS,199405,6.894535,12,Total Primary Energy Consumption,Quadrillion Btu,5,1994,May-94
TETCBUS,199406,7.170472,12,Total Primary Energy Consumption,Quadrillion Btu,6,1994,Jun-94
TETCBUS,199407,7.399179,12,Total Primary Energy Consumption,Quadrillion Btu,7,1994,Jul-94
TETCBUS,199408,7.481432,12,Total Primary Energy Consumption,Quadrillion Btu,8,1994,Aug-94
TETCBUS,199409,6.890044,12,Total Primary Energy Consumption,Quadrillion Btu,9,1994,Sep-94
TETCBUS,199410,7.079201,12,Total Primary Energy Consumption,Quadrillion Btu,10,1994,Oct-94
TETCBUS,199411,7.156597,12,Total Primary Energy Consumption,Quadrillion Btu,11,1994,Nov-94
TETCBUS,199412,8.013033,12,Total Primary Energy Consumption,Quadrillion Btu,12,1994,Dec-94
TETCBUS,199413,89.087341,12,Total Primary Energy Consumption,Quadrillion Btu,13,1994,13/1994
TETCBUS,199501,8.229301,12,Total Primary Energy Consumption,Quadrillion Btu,1,1995,Jan-95
TETCBUS,199502,7.603154,12,Total Primary Energy Consumption,Quadrillion Btu,2,1995,Feb-95
TETCBUS,199503,7.74938,12,Total Primary Energy Consumption,Quadrillion Btu,3,1995,Mar-95
TETCBUS,199504,7.113904,12,Total Primary Energy Consumption,Quadrillion Btu,4,1995,Apr-95
TETCBUS,199505,7.158825,12,Total Primary Energy Consumption,Quadrillion Btu,5,1995,May-95
TETCBUS,199506,7.239335,12,Total Primary Energy Consumption,Quadrillion Btu,6,1995,Jun-95
TETCBUS,199507,7.633856,12,Total Primary Energy Consumption,Quadrillion Btu,7,1995,Jul-95
TETCBUS,199508,7.925889,12,Total Primary Energy Consumption,Quadrillion Btu,8,1995,Aug-95
TETCBUS,199509,7.14416,12,Total Primary Energy Consumption,Quadrillion Btu,9,1995,Sep-95
TETCBUS,199510,7.233072,12,Total Primary Energy Consumption,Quadrillion Btu,10,1995,Oct-95
TETCBUS,199511,7.580695,12,Total Primary Energy Consumption,Quadrillion Btu,11,1995,Nov-95
TETCBUS,199512,8.419023,12,Total Primary Energy Consumption,Quadrillion Btu,12,1995,Dec-95
TETCBUS,199513,91.030608,12,Total Primary Energy Consumption,Quadrillion Btu,13,1995,13/1995
TETCBUS,199601,8.783559,12,Total Primary Energy Consumption,Quadrillion Btu,1,1996,Jan-96
TETCBUS,199602,8.111049,12,Total Primary Energy Consumption,Quadrillion Btu,2,1996,Feb-96
TETCBUS,199603,8.199226,12,Total Primary Energy Consumption,Quadrillion Btu,3,1996,Mar-96
TETCBUS,199604,7.368821,12,Total Primary Energy Consumption,Quadrillion Btu,4,1996,Apr-96
TETCBUS,199605,7.469619,12,Total Primary Energy Consumption,Quadrillion Btu,5,1996,May-96
TETCBUS,199606,7.452652,12,Total Primary Energy Consumption,Quadrillion Btu,6,1996,Jun-96
TETCBUS,199607,7.76483,12,Total Primary Energy Consumption,Quadrillion Btu,7,1996,Jul-96
TETCBUS,199608,7.876613,12,Total Primary Energy Consumption,Quadrillion Btu,8,1996,Aug-96
TETCBUS,199609,7.153579,12,Total Primary Energy Consumption,Quadrillion Btu,9,1996,Sep-96
TETCBUS,199610,7.624557,12,Total Primary Energy Consumption,Quadrillion Btu,10,1996,Oct-96
TETCBUS,199611,7.802992,12,Total Primary Energy Consumption,Quadrillion Btu,11,1996,Nov-96
TETCBUS,199612,8.412995,12,Total Primary Energy Consumption,Quadrillion Btu,12,1996,Dec-96
TETCBUS,199613,94.020528,12,Total Primary Energy Consumption,Quadrillion Btu,13,1996,13/1996
TETCBUS,199701,8.831651,12,Total Primary Energy Consumption,Quadrillion Btu,1,1997,Jan-97
TETCBUS,199702,7.794506,12,Total Primary Energy Consumption,Quadrillion Btu,2,1997,Feb-97
TETCBUS,199703,7.992522,12,Total Primary Energy Consumption,Quadrillion Btu,3,1997,Mar-97
TETCBUS,199704,7.530863,12,Total Primary Energy Consumption,Quadrillion Btu,4,1997,Apr-97
TETCBUS,199705,7.484287,12,Total Primary Energy Consumption,Quadrillion Btu,5,1997,May-97
TETCBUS,199706,7.473252,12,Total Primary Energy Consumption,Quadrillion Btu,6,1997,Jun-97
TETCBUS,199707,8.098819,12,Total Primary Energy Consumption,Quadrillion Btu,7,1997,Jul-97
TETCBUS,199708,7.917539,12,Total Primary Energy Consumption,Quadrillion Btu,8,1997,Aug-97
TETCBUS,199709,7.420015,12,Total Primary Energy Consumption,Quadrillion Btu,9,1997,Sep-97
TETCBUS,199710,7.684592,12,Total Primary Energy Consumption,Quadrillion Btu,10,1997,Oct-97
TETCBUS,199711,7.75734,12,Total Primary Energy Consumption,Quadrillion Btu,11,1997,Nov-97
TETCBUS,199712,8.614964,12,Total Primary Energy Consumption,Quadrillion Btu,12,1997,Dec-97
TETCBUS,199713,94.600341,12,Total Primary Energy Consumption,Quadrillion Btu,13,1997,13/1997
TETCBUS,199801,8.616183,12,Total Primary Energy Consumption,Quadrillion Btu,1,1998,Jan-98
TETCBUS,199802,7.652795,12,Total Primary Energy Consumption,Quadrillion Btu,2,1998,Feb-98
TETCBUS,199803,8.177663,12,Total Primary Energy Consumption,Quadrillion Btu,3,1998,Mar-98
TETCBUS,199804,7.51804,12,Total Primary Energy Consumption,Quadrillion Btu,4,1998,Apr-98
TETCBUS,199805,7.582566,12,Total Primary Energy Consumption,Quadrillion Btu,5,1998,May-98
TETCBUS,199806,7.722524,12,Total Primary Energy Consumption,Quadrillion Btu,6,1998,Jun-98
TETCBUS,199807,8.28419,12,Total Primary Energy Consumption,Quadrillion Btu,7,1998,Jul-98
TETCBUS,199808,8.233696,12,Total Primary Energy Consumption,Quadrillion Btu,8,1998,Aug-98
TETCBUS,199809,7.622258,12,Total Primary Energy Consumption,Quadrillion Btu,9,1998,Sep-98
TETCBUS,199810,7.616741,12,Total Primary Energy Consumption,Quadrillion Btu,10,1998,Oct-98
TETCBUS,199811,7.513975,12,Total Primary Energy Consumption,Quadrillion Btu,11,1998,Nov-98
TETCBUS,199812,8.477089,12,Total Primary Energy Consumption,Quadrillion Btu,12,1998,Dec-98
TETCBUS,199813,95.017738,12,Total Primary Energy Consumption,Quadrillion Btu,13,1998,13/1998
TETCBUS,199901,8.919388,12,Total Primary Energy Consumption,Quadrillion Btu,1,1999,Jan-99
TETCBUS,199902,7.81639,12,Total Primary Energy Consumption,Quadrillion Btu,2,1999,Feb-99
TETCBUS,199903,8.377728,12,Total Primary Energy Consumption,Quadrillion Btu,3,1999,Mar-99
TETCBUS,199904,7.664188,12,Total Primary Energy Consumption,Quadrillion Btu,4,1999,Apr-99
TETCBUS,199905,7.63074,12,Total Primary Energy Consumption,Quadrillion Btu,5,1999,May-99
TETCBUS,199906,7.812539,12,Total Primary Energy Consumption,Quadrillion Btu,6,1999,Jun-99
TETCBUS,199907,8.377748,12,Total Primary Energy Consumption,Quadrillion Btu,7,1999,Jul-99
TETCBUS,199908,8.385765,12,Total Primary Energy Consumption,Quadrillion Btu,8,1999,Aug-99
TETCBUS,199909,7.618926,12,Total Primary Energy Consumption,Quadrillion Btu,9,1999,Sep-99
TETCBUS,199910,7.722721,12,Total Primary Energy Consumption,Quadrillion Btu,10,1999,Oct-99
TETCBUS,199911,7.641868,12,Total Primary Energy Consumption,Quadrillion Btu,11,1999,Nov-99
TETCBUS,199912,8.680406,12,Total Primary Energy Consumption,Quadrillion Btu,12,1999,Dec-99
TETCBUS,199913,96.648392,12,Total Primary Energy Consumption,Quadrillion Btu,13,1999,13/1999
TETCBUS,200001,8.955636,12,Total Primary Energy Consumption,Quadrillion Btu,1,2000,Jan-00
TETCBUS,200002,8.411859,12,Total Primary Energy Consumption,Quadrillion Btu,2,2000,Feb-00
TETCBUS,200003,8.30332,12,Total Primary Energy Consumption,Quadrillion Btu,3,2000,Mar-00
TETCBUS,200004,7.678507,12,Total Primary Energy Consumption,Quadrillion Btu,4,2000,Apr-00
TETCBUS,200005,8.0351,12,Total Primary Energy Consumption,Quadrillion Btu,5,2000,May-00
TETCBUS,200006,8.012121,12,Total Primary Energy Consumption,Quadrillion Btu,6,2000,Jun-00
TETCBUS,200007,8.239752,12,Total Primary Energy Consumption,Quadrillion Btu,7,2000,Jul-00
TETCBUS,200008,8.552419,12,Total Primary Energy Consumption,Quadrillion Btu,8,2000,Aug-00
TETCBUS,200009,7.701913,12,Total Primary Energy Consumption,Quadrillion Btu,9,2000,Sep-00
TETCBUS,200010,7.770346,12,Total Primary Energy Consumption,Quadrillion Btu,10,2000,Oct-00
TETCBUS,200011,7.949186,12,Total Primary Energy Consumption,Quadrillion Btu,11,2000,Nov-00
TETCBUS,200012,9.206359,12,Total Primary Energy Consumption,Quadrillion Btu,12,2000,Dec-00
TETCBUS,200013,98.816545,12,Total Primary Energy Consumption,Quadrillion Btu,13,2000,13/2000
TETCBUS,200101,9.235907,12,Total Primary Energy Consumption,Quadrillion Btu,1,2001,1-Jan
TETCBUS,200102,8.079536,12,Total Primary Energy Consumption,Quadrillion Btu,2,2001,1-Feb
TETCBUS,200103,8.48219,12,Total Primary Energy Consumption,Quadrillion Btu,3,2001,1-Mar
TETCBUS,200104,7.647441,12,Total Primary Energy Consumption,Quadrillion Btu,4,2001,1-Apr
TETCBUS,200105,7.637838,12,Total Primary Energy Consumption,Quadrillion Btu,5,2001,1-May
TETCBUS,200106,7.661305,12,Total Primary Energy Consumption,Quadrillion Btu,6,2001,1-Jun
TETCBUS,200107,8.153538,12,Total Primary Energy Consumption,Quadrillion Btu,7,2001,1-Jul
TETCBUS,200108,8.312785,12,Total Primary Energy Consumption,Quadrillion Btu,8,2001,1-Aug
TETCBUS,200109,7.409745,12,Total Primary Energy Consumption,Quadrillion Btu,9,2001,1-Sep
TETCBUS,200110,7.726907,12,Total Primary Energy Consumption,Quadrillion Btu,10,2001,1-Oct
TETCBUS,200111,7.553598,12,Total Primary Energy Consumption,Quadrillion Btu,11,2001,1-Nov
TETCBUS,200112,8.268881,12,Total Primary Energy Consumption,Quadrillion Btu,12,2001,1-Dec
TETCBUS,200113,96.169669,12,Total Primary Energy Consumption,Quadrillion Btu,13,2001,13/2001
TETCBUS,200201,8.800585,12,Total Primary Energy Consumption,Quadrillion Btu,1,2002,2-Jan
TETCBUS,200202,7.865227,12,Total Primary Energy Consumption,Quadrillion Btu,2,2002,2-Feb
TETCBUS,200203,8.369233,12,Total Primary Energy Consumption,Quadrillion Btu,3,2002,2-Mar
TETCBUS,200204,7.766783,12,Total Primary Energy Consumption,Quadrillion Btu,4,2002,2-Apr
TETCBUS,200205,7.809119,12,Total Primary Energy Consumption,Quadrillion Btu,5,2002,2-May
TETCBUS,200206,7.89854,12,Total Primary Energy Consumption,Quadrillion Btu,6,2002,2-Jun
TETCBUS,200207,8.434812,12,Total Primary Energy Consumption,Quadrillion Btu,7,2002,2-Jul
TETCBUS,200208,8.354479,12,Total Primary Energy Consumption,Quadrillion Btu,8,2002,2-Aug
TETCBUS,200209,7.669512,12,Total Primary Energy Consumption,Quadrillion Btu,9,2002,2-Sep
TETCBUS,200210,7.811137,12,Total Primary Energy Consumption,Quadrillion Btu,10,2002,2-Oct
TETCBUS,200211,8.022469,12,Total Primary Energy Consumption,Quadrillion Btu,11,2002,2-Nov
TETCBUS,200212,8.841583,12,Total Primary Energy Consumption,Quadrillion Btu,12,2002,2-Dec
TETCBUS,200213,97.643478,12,Total Primary Energy Consumption,Quadrillion Btu,13,2002,13/2002
TETCBUS,200301,9.241591,12,Total Primary Energy Consumption,Quadrillion Btu,1,2003,3-Jan
TETCBUS,200302,8.438335,12,Total Primary Energy Consumption,Quadrillion Btu,2,2003,3-Feb
TETCBUS,200303,8.389685,12,Total Primary Energy Consumption,Quadrillion Btu,3,2003,3-Mar
TETCBUS,200304,7.674462,12,Total Primary Energy Consumption,Quadrillion Btu,4,2003,3-Apr
TETCBUS,200305,7.669815,12,Total Primary Energy Consumption,Quadrillion Btu,5,2003,3-May
TETCBUS,200306,7.648233,12,Total Primary Energy Consumption,Quadrillion Btu,6,2003,3-Jun
TETCBUS,200307,8.278264,12,Total Primary Energy Consumption,Quadrillion Btu,7,2003,3-Jul
TETCBUS,200308,8.398404,12,Total Primary Energy Consumption,Quadrillion Btu,8,2003,3-Aug
TETCBUS,200309,7.613088,12,Total Primary Energy Consumption,Quadrillion Btu,9,2003,3-Sep
TETCBUS,200310,7.789586,12,Total Primary Energy Consumption,Quadrillion Btu,10,2003,3-Oct
TETCBUS,200311,7.842581,12,Total Primary Energy Consumption,Quadrillion Btu,11,2003,3-Nov
TETCBUS,200312,8.933464,12,Total Primary Energy Consumption,Quadrillion Btu,12,2003,3-Dec
TETCBUS,200313,97.917504,12,Total Primary Energy Consumption,Quadrillion Btu,13,2003,13/2003
TETCBUS,200401,9.35811,12,Total Primary Energy Consumption,Quadrillion Btu,1,2004,4-Jan
TETCBUS,200402,8.740869,12,Total Primary Energy Consumption,Quadrillion Btu,2,2004,4-Feb
TETCBUS,200403,8.437923,12,Total Primary Energy Consumption,Quadrillion Btu,3,2004,4-Mar
TETCBUS,200404,7.800141,12,Total Primary Energy Consumption,Quadrillion Btu,4,2004,4-Apr
TETCBUS,200405,7.973838,12,Total Primary Energy Consumption,Quadrillion Btu,5,2004,4-May
TETCBUS,200406,7.989125,12,Total Primary Energy Consumption,Quadrillion Btu,6,2004,4-Jun
TETCBUS,200407,8.413157,12,Total Primary Energy Consumption,Quadrillion Btu,7,2004,4-Jul
TETCBUS,200408,8.361833,12,Total Primary Energy Consumption,Quadrillion Btu,8,2004,4-Aug
TETCBUS,200409,7.837847,12,Total Primary Energy Consumption,Quadrillion Btu,9,2004,4-Sep
TETCBUS,200410,7.95608,12,Total Primary Energy Consumption,Quadrillion Btu,10,2004,4-Oct
TETCBUS,200411,8.057561,12,Total Primary Energy Consumption,Quadrillion Btu,11,2004,4-Nov
TETCBUS,200412,9.163219,12,Total Primary Energy Consumption,Quadrillion Btu,12,2004,4-Dec
TETCBUS,200413,100.089702,12,Total Primary Energy Consumption,Quadrillion Btu,13,2004,13/2004
TETCBUS,200501,9.295272,12,Total Primary Energy Consumption,Quadrillion Btu,1,2005,5-Jan
TETCBUS,200502,8.290854,12,Total Primary Energy Consumption,Quadrillion Btu,2,2005,5-Feb
TETCBUS,200503,8.733945,12,Total Primary Energy Consumption,Quadrillion Btu,3,2005,5-Mar
TETCBUS,200504,7.721768,12,Total Primary Energy Consumption,Quadrillion Btu,4,2005,5-Apr
TETCBUS,200505,7.94615,12,Total Primary Energy Consumption,Quadrillion Btu,5,2005,5-May
TETCBUS,200506,8.179557,12,Total Primary Energy Consumption,Quadrillion Btu,6,2005,5-Jun
TETCBUS,200507,8.58919,12,Total Primary Energy Consumption,Quadrillion Btu,7,2005,5-Jul
TETCBUS,200508,8.695843,12,Total Primary Energy Consumption,Quadrillion Btu,8,2005,5-Aug
TETCBUS,200509,7.794536,12,Total Primary Energy Consumption,Quadrillion Btu,9,2005,5-Sep
TETCBUS,200510,7.78864,12,Total Primary Energy Consumption,Quadrillion Btu,10,2005,5-Oct
TETCBUS,200511,7.946623,12,Total Primary Energy Consumption,Quadrillion Btu,11,2005,5-Nov
TETCBUS,200512,9.205343,12,Total Primary Energy Consumption,Quadrillion Btu,12,2005,5-Dec
TETCBUS,200513,100.187721,12,Total Primary Energy Consumption,Quadrillion Btu,13,2005,13/2005
TETCBUS,200601,8.822708,12,Total Primary Energy Consumption,Quadrillion Btu,1,2006,6-Jan
TETCBUS,200602,8.19774,12,Total Primary Energy Consumption,Quadrillion Btu,2,2006,6-Feb
TETCBUS,200603,8.592652,12,Total Primary Energy Consumption,Quadrillion Btu,3,2006,6-Mar
TETCBUS,200604,7.717442,12,Total Primary Energy Consumption,Quadrillion Btu,4,2006,6-Apr
TETCBUS,200605,7.964308,12,Total Primary Energy Consumption,Quadrillion Btu,5,2006,6-May
TETCBUS,200606,8.15313,12,Total Primary Energy Consumption,Quadrillion Btu,6,2006,6-Jun
TETCBUS,200607,8.639978,12,Total Primary Energy Consumption,Quadrillion Btu,7,2006,6-Jul
TETCBUS,200608,8.738868,12,Total Primary Energy Consumption,Quadrillion Btu,8,2006,6-Aug
TETCBUS,200609,7.792915,12,Total Primary Energy Consumption,Quadrillion Btu,9,2006,6-Sep
TETCBUS,200610,8.027435,12,Total Primary Energy Consumption,Quadrillion Btu,10,2006,6-Oct
TETCBUS,200611,8.036054,12,Total Primary Energy Consumption,Quadrillion Btu,11,2006,6-Nov
TETCBUS,200612,8.801261,12,Total Primary Energy Consumption,Quadrillion Btu,12,2006,6-Dec
TETCBUS,200613,99.48449,12,Total Primary Energy Consumption,Quadrillion Btu,13,2006,13/2006
TETCBUS,200701,9.22768,12,Total Primary Energy Consumption,Quadrillion Btu,1,2007,7-Jan
TETCBUS,200702,8.759425,12,Total Primary Energy Consumption,Quadrillion Btu,2,2007,7-Feb
TETCBUS,200703,8.564661,12,Total Primary Energy Consumption,Quadrillion Btu,3,2007,7-Mar
TETCBUS,200704,7.926195,12,Total Primary Energy Consumption,Quadrillion Btu,4,2007,7-Apr
TETCBUS,200705,8.024021,12,Total Primary Energy Consumption,Quadrillion Btu,5,2007,7-May
TETCBUS,200706,8.100405,12,Total Primary Energy Consumption,Quadrillion Btu,6,2007,7-Jun
TETCBUS,200707,8.493654,12,Total Primary Energy Consumption,Quadrillion Btu,7,2007,7-Jul
TETCBUS,200708,8.823083,12,Total Primary Energy Consumption,Quadrillion Btu,8,2007,7-Aug
TETCBUS,200709,7.943613,12,Total Primary Energy Consumption,Quadrillion Btu,9,2007,7-Sep
TETCBUS,200710,7.974792,12,Total Primary Energy Consumption,Quadrillion Btu,10,2007,7-Oct
TETCBUS,200711,8.084943,12,Total Primary Energy Consumption,Quadrillion Btu,11,2007,7-Nov
TETCBUS,200712,9.092282,12,Total Primary Energy Consumption,Quadrillion Btu,12,2007,7-Dec
TETCBUS,200713,101.014753,12,Total Primary Energy Consumption,Quadrillion Btu,13,2007,13/2007
TETCBUS,200801,9.422273,12,Total Primary Energy Consumption,Quadrillion Btu,1,2008,8-Jan
TETCBUS,200802,8.660841,12,Total Primary Energy Consumption,Quadrillion Btu,2,2008,8-Feb
TETCBUS,200803,8.596909,12,Total Primary Energy Consumption,Quadrillion Btu,3,2008,8-Mar
TETCBUS,200804,7.843806,12,Total Primary Energy Consumption,Quadrillion Btu,4,2008,8-Apr
TETCBUS,200805,7.902873,12,Total Primary Energy Consumption,Quadrillion Btu,5,2008,8-May
TETCBUS,200806,8.04851,12,Total Primary Energy Consumption,Quadrillion Btu,6,2008,8-Jun
TETCBUS,200807,8.423805,12,Total Primary Energy Consumption,Quadrillion Btu,7,2008,8-Jul
TETCBUS,200808,8.223423,12,Total Primary Energy Consumption,Quadrillion Btu,8,2008,8-Aug
TETCBUS,200809,7.357858,12,Total Primary Energy Consumption,Quadrillion Btu,9,2008,8-Sep
TETCBUS,200810,7.790578,12,Total Primary Energy Consumption,Quadrillion Btu,10,2008,8-Oct
TETCBUS,200811,7.815643,12,Total Primary Energy Consumption,Quadrillion Btu,11,2008,8-Nov
TETCBUS,200812,8.804236,12,Total Primary Energy Consumption,Quadrillion Btu,12,2008,8-Dec
TETCBUS,200813,98.890755,12,Total Primary Energy Consumption,Quadrillion Btu,13,2008,13/2008
TETCBUS,200901,9.1361,12,Total Primary Energy Consumption,Quadrillion Btu,1,2009,9-Jan
TETCBUS,200902,7.880433,12,Total Primary Energy Consumption,Quadrillion Btu,2,2009,9-Feb
TETCBUS,200903,8.056741,12,Total Primary Energy Consumption,Quadrillion Btu,3,2009,9-Mar
TETCBUS,200904,7.348086,12,Total Primary Energy Consumption,Quadrillion Btu,4,2009,9-Apr
TETCBUS,200905,7.294413,12,Total Primary Energy Consumption,Quadrillion Btu,5,2009,9-May
TETCBUS,200906,7.544098,12,Total Primary Energy Consumption,Quadrillion Btu,6,2009,9-Jun
TETCBUS,200907,7.822878,12,Total Primary Energy Consumption,Quadrillion Btu,7,2009,9-Jul
TETCBUS,200908,7.970716,12,Total Primary Energy Consumption,Quadrillion Btu,8,2009,9-Aug
TETCBUS,200909,7.278935,12,Total Primary Energy Consumption,Quadrillion Btu,9,2009,9-Sep
TETCBUS,200910,7.480996,12,Total Primary Energy Consumption,Quadrillion Btu,10,2009,9-Oct
TETCBUS,200911,7.456171,12,Total Primary Energy Consumption,Quadrillion Btu,11,2009,9-Nov
TETCBUS,200912,8.848046,12,Total Primary Energy Consumption,Quadrillion Btu,12,2009,9-Dec
TETCBUS,200913,94.117614,12,Total Primary Energy Consumption,Quadrillion Btu,13,2009,13/2009
TETCBUS,201001,9.124795,12,Total Primary Energy Consumption,Quadrillion Btu,1,2010,10-Jan
TETCBUS,201002,8.207192,12,Total Primary Energy Consumption,Quadrillion Btu,2,2010,10-Feb
TETCBUS,201003,8.195464,12,Total Primary Energy Consumption,Quadrillion Btu,3,2010,10-Mar
TETCBUS,201004,7.364082,12,Total Primary Energy Consumption,Quadrillion Btu,4,2010,10-Apr
TETCBUS,201005,7.670747,12,Total Primary Energy Consumption,Quadrillion Btu,5,2010,10-May
TETCBUS,201006,8.002324,12,Total Primary Energy Consumption,Quadrillion Btu,6,2010,10-Jun
TETCBUS,201007,8.374365,12,Total Primary Energy Consumption,Quadrillion Btu,7,2010,10-Jul
TETCBUS,201008,8.438044,12,Total Primary Energy Consumption,Quadrillion Btu,8,2010,10-Aug
TETCBUS,201009,7.688314,12,Total Primary Energy Consumption,Quadrillion Btu,9,2010,10-Sep
TETCBUS,201010,7.499839,12,Total Primary Energy Consumption,Quadrillion Btu,10,2010,10-Oct
TETCBUS,201011,7.789563,12,Total Primary Energy Consumption,Quadrillion Btu,11,2010,10-Nov
TETCBUS,201012,9.22533,12,Total Primary Energy Consumption,Quadrillion Btu,12,2010,10-Dec
TETCBUS,201013,97.580057,12,Total Primary Energy Consumption,Quadrillion Btu,13,2010,13/2010
TETCBUS,201101,9.291391,12,Total Primary Energy Consumption,Quadrillion Btu,1,2011,11-Jan
TETCBUS,201102,8.101391,12,Total Primary Energy Consumption,Quadrillion Btu,2,2011,11-Feb
TETCBUS,201103,8.33538,12,Total Primary Energy Consumption,Quadrillion Btu,3,2011,11-Mar
TETCBUS,201104,7.495372,12,Total Primary Energy Consumption,Quadrillion Btu,4,2011,11-Apr
TETCBUS,201105,7.575646,12,Total Primary Energy Consumption,Quadrillion Btu,5,2011,11-May
TETCBUS,201106,7.89011,12,Total Primary Energy Consumption,Quadrillion Btu,6,2011,11-Jun
TETCBUS,201107,8.381223,12,Total Primary Energy Consumption,Quadrillion Btu,7,2011,11-Jul
TETCBUS,201108,8.405122,12,Total Primary Energy Consumption,Quadrillion Btu,8,2011,11-Aug
TETCBUS,201109,7.559337,12,Total Primary Energy Consumption,Quadrillion Btu,9,2011,11-Sep
TETCBUS,201110,7.575302,12,Total Primary Energy Consumption,Quadrillion Btu,10,2011,11-Oct
TETCBUS,201111,7.786734,12,Total Primary Energy Consumption,Quadrillion Btu,11,2011,11-Nov
TETCBUS,201112,8.579019,12,Total Primary Energy Consumption,Quadrillion Btu,12,2011,11-Dec
TETCBUS,201113,96.976026,12,Total Primary Energy Consumption,Quadrillion Btu,13,2011,13/2011
TETCBUS,201201,8.676135,12,Total Primary Energy Consumption,Quadrillion Btu,1,2012,12-Jan
TETCBUS,201202,7.965389,12,Total Primary Energy Consumption,Quadrillion Btu,2,2012,12-Feb
TETCBUS,201203,7.679829,12,Total Primary Energy Consumption,Quadrillion Btu,3,2012,12-Mar
TETCBUS,201204,7.221172,12,Total Primary Energy Consumption,Quadrillion Btu,4,2012,12-Apr
TETCBUS,201205,7.614108,12,Total Primary Energy Consumption,Quadrillion Btu,5,2012,12-May
TETCBUS,201206,7.736037,12,Total Primary Energy Consumption,Quadrillion Btu,6,2012,12-Jun
TETCBUS,201207,8.295973,12,Total Primary Energy Consumption,Quadrillion Btu,7,2012,12-Jul
TETCBUS,201208,8.233448,12,Total Primary Energy Consumption,Quadrillion Btu,8,2012,12-Aug
TETCBUS,201209,7.371753,12,Total Primary Energy Consumption,Quadrillion Btu,9,2012,12-Sep
TETCBUS,201210,7.575329,12,Total Primary Energy Consumption,Quadrillion Btu,10,2012,12-Oct
TETCBUS,201211,7.769633,12,Total Primary Energy Consumption,Quadrillion Btu,11,2012,12-Nov
TETCBUS,201212,8.396173,12,Total Primary Energy Consumption,Quadrillion Btu,12,2012,12-Dec
TETCBUS,201213,94.534976,12,Total Primary Energy Consumption,Quadrillion Btu,13,2012,13/2012
TETCBUS,201301,8.988408,12,Total Primary Energy Consumption,Quadrillion Btu,1,2013,13-Jan
TETCBUS,201302,8.02081,12,Total Primary Energy Consumption,Quadrillion Btu,2,2013,13-Feb
TETCBUS,201303,8.387762,12,Total Primary Energy Consumption,Quadrillion Btu,3,2013,13-Mar
TETCBUS,201304,7.528009,12,Total Primary Energy Consumption,Quadrillion Btu,4,2013,13-Apr
TETCBUS,201305,7.625102,12,Total Primary Energy Consumption,Quadrillion Btu,5,2013,13-May
TETCBUS,201306,7.730239,12,Total Primary Energy Consumption,Quadrillion Btu,6,2013,13-Jun
TETCBUS,201307,8.279091,12,Total Primary Energy Consumption,Quadrillion Btu,7,2013,13-Jul
TETCBUS,201308,8.178154,12,Total Primary Energy Consumption,Quadrillion Btu,8,2013,13-Aug
TETCBUS,201309,7.647513,12,Total Primary Energy Consumption,Quadrillion Btu,9,2013,13-Sep
TETCBUS,201310,7.730343,12,Total Primary Energy Consumption,Quadrillion Btu,10,2013,13-Oct
TETCBUS,201311,8.13992,12,Total Primary Energy Consumption,Quadrillion Btu,11,2013,13-Nov
TETCBUS,201312,9.085094,12,Total Primary Energy Consumption,Quadrillion Btu,12,2013,13-Dec
TETCBUS,201313,97.340441,12,Total Primary Energy Consumption,Quadrillion Btu,13,2013,13/2013
TETCBUS,201401,9.597733,12,Total Primary Energy Consumption,Quadrillion Btu,1,2014,14-Jan
TETCBUS,201402,8.435297,12,Total Primary Energy Consumption,Quadrillion Btu,2,2014,14-Feb
TETCBUS,201403,8.533102,12,Total Primary Energy Consumption,Quadrillion Btu,3,2014,14-Mar
TETCBUS,201404,7.564023,12,Total Primary Energy Consumption,Quadrillion Btu,4,2014,14-Apr
TETCBUS,201405,7.655245,12,Total Primary Energy Consumption,Quadrillion Btu,5,2014,14-May
TETCBUS,201406,7.78755,12,Total Primary Energy Consumption,Quadrillion Btu,6,2014,14-Jun
TETCBUS,201407,8.240312,12,Total Primary Energy Consumption,Quadrillion Btu,7,2014,14-Jul
TETCBUS,201408,8.222363,12,Total Primary Energy Consumption,Quadrillion Btu,8,2014,14-Aug
TETCBUS,201409,7.662517,12,Total Primary Energy Consumption,Quadrillion Btu,9,2014,14-Sep
TETCBUS,201410,7.773324,12,Total Primary Energy Consumption,Quadrillion Btu,10,2014,14-Oct
TETCBUS,201411,8.208486,12,Total Primary Energy Consumption,Quadrillion Btu,11,2014,14-Nov
TETCBUS,201412,8.810716,12,Total Primary Energy Consumption,Quadrillion Btu,12,2014,14-Dec
TETCBUS,201501,9.293552,12,Total Primary Energy Consumption,Quadrillion Btu,1,2015,15-Jan
TETCBUS,201502,8.613263,12,Total Primary Energy Consumption,Quadrillion Btu,2,2015,15-Feb
TETCBUS,201503,8.436007,12,Total Primary Energy Consumption,Quadrillion Btu,3,2015,15-Mar
TETCBUS,201504,7.47188,12,Total Primary Energy Consumption,Quadrillion Btu,4,2015,15-Apr
TETCBUS,201505,7.652991,12,Total Primary Energy Consumption,Quadrillion Btu,5,2015,15-May
TETCBUS,201506,7.91029,12,Total Primary Energy Consumption,Quadrillion Btu,6,2015,15-Jun
TETCBUS,201507,8.438936,12,Total Primary Energy Consumption,Quadrillion Btu,7,2015,15-Jul
TETCBUS,201508,8.322715,12,Total Primary Energy Consumption,Quadrillion Btu,8,2015,15-Aug
TETCBUS,201509,7.69527,12,Total Primary Energy Consumption,Quadrillion Btu,9,2015,15-Sep
TETCBUS,201510,7.626183,12,Total Primary Energy Consumption,Quadrillion Btu,10,2015,15-Oct
TETCBUS,201511,7.685082,12,Total Primary Energy Consumption,Quadrillion Btu,11,2015,15-Nov
TETCBUS,201512,8.379869,12,Total Primary Energy Consumption,Quadrillion Btu,12,2015,15-Dec
TETCBUS,201601,9.064412,12,Total Primary Energy Consumption,Quadrillion Btu,1,2016,16-Jan
TETCBUS,201602,8.237571,12,Total Primary Energy Consumption,Quadrillion Btu,2,2016,16-Feb
TETCBUS,201603,7.992649,12,Total Primary Energy Consumption,Quadrillion Btu,3,2016,16-Mar
TETCBUS,201604,7.458301,12,Total Primary Energy Consumption,Quadrillion Btu,4,2016,16-Apr
TETCBUS,201605,7.59476,12,Total Primary Energy Consumption,Quadrillion Btu,5,2016,16-May
TETCBUS,201606,7.945396,12,Total Primary Energy Consumption,Quadrillion Btu,6,2016,16-Jun
TETCBUS,201607,8.48541,12,Total Primary Energy Consumption,Quadrillion Btu,7,2016,16-Jul
TETCBUS,201608,8.553543,12,Total Primary Energy Consumption,Quadrillion Btu,8,2016,16-Aug
TETCBUS,201609,7.762231,12,Total Primary Energy Consumption,Quadrillion Btu,9,2016,16-Sep
TETCBUS,201610,7.664109,12,Total Primary Energy Consumption,Quadrillion Btu,10,2016,16-Oct
TETCBUS,201611,7.728924,12,Total Primary Energy Consumption,Quadrillion Btu,11,2016,16-Nov
TETCBUS,201612,9.094618,12,Total Primary Energy Consumption,Quadrillion Btu,12,2016,16-Dec
TETCBUS,201701,8.987299,12,Total Primary Energy Consumption,Quadrillion Btu,1,2017,17-Jan
TETCBUS,201702,7.633252,12,Total Primary Energy Consumption,Quadrillion Btu,2,2017,17-Feb
TETCBUS,201703,8.458327,12,Total Primary Energy Consumption,Quadrillion Btu,3,2017,17-Mar
TETCBUS,201704,7.461829,12,Total Primary Energy Consumption,Quadrillion Btu,4,2017,17-Apr
TETCBUS,201705,7.818154,12,Total Primary Energy Consumption,Quadrillion Btu,5,2017,17-May
TETCBUS,201706,7.980952,12,Total Primary Energy Consumption,Quadrillion Btu,6,2017,17-Jun
TETCBUS,201707,8.429013,12,Total Primary Energy Consumption,Quadrillion Btu,7,2017,17-Jul
TETCBUS,201708,8.313658,12,Total Primary Energy Consumption,Quadrillion Btu,8,2017,17-Aug
TETCBUS,201709,7.638135,12,Total Primary Energy Consumption,Quadrillion Btu,9,2017,17-Sep
TETCBUS,201710,7.839891,12,Total Primary Energy Consumption,Quadrillion Btu,10,2017,17-Oct
TETCBUS,201711,8.111326,12,Total Primary Energy Consumption,Quadrillion Btu,11,2017,17-Nov
TETCBUS,201712,9.196654,12,Total Primary Energy Consumption,Quadrillion Btu,12,2017,17-Dec
TETCBUS,201801,9.668643,12,Total Primary Energy Consumption,Quadrillion Btu,1,2018,18-Jan
TETCBUS,201802,8.048857,12,Total Primary Energy Consumption,Quadrillion Btu,2,2018,18-Feb
TETCBUS,201803,8.676,12,Total Primary Energy Consumption,Quadrillion Btu,3,2018,18-Mar
TETCBUS,201804,7.895465,12,Total Primary Energy Consumption,Quadrillion Btu,4,2018,18-Apr
TETCBUS,201805,8.017006,12,Total Primary Energy Consumption,Quadrillion Btu,5,2018,18-May
TETCBUS,201806,8.157678,12,Total Primary Energy Consumption,Quadrillion Btu,6,2018,18-Jun
